First Name,Last Name,Email,Phone Number
bob,bob,bob@bobmail.bob,6546546543.0
billy,joe,billy@joe.com,1234567890.0
Megan,Chang,greenwilliam@yahoo.com,75938242194892.0
Kyle,Blair,wcastro@yahoo.com,938778408016097.0
Maria,Cook,leeashley@gmail.com,8711587148.0
Kelly,Martinez,tamaramorrison@hotmail.com,71965934232094.0
Thomas,Davis,sandrakirby@leblanc.net,8339694775159.0
Darrell,Matthews,johndennis@gmail.com,13525601230989.0
Erin,Johnson,myersmitchell@johnson.com,1730086914.0
Chad,Jones,ryan08@yahoo.com,9163457923.0
Tammy,Brown,matthewking@morse.biz,18456428071.0
Matthew,Williams,johnbenton@yahoo.com,14599246610935.0
Ernest,Walker,rpage@hotmail.com,69602714278789.0
Karla,Henson,larry70@yahoo.com,8120665030.0
Jennifer,Smith,davidbanks@ramirez-good.com,61047142851240.0
Bobby,Harris,stacey90@hotmail.com,19776582369402.0
Edward,Cook,morganchristine@gmail.com,2294568241730.0
Kyle,Vincent,richard54@rodriguez-hoffman.info,55171760452296.0
Linda,Frey,mortonjames@brown.com,88477936153492.0
Ryan,Howard,leachshannon@harris.com,9213765821.0
Vanessa,Bird,blittle@simpson.info,38930555082492.0
Megan,Aguilar,marshzachary@gmail.com,3204075227.0
Tanya,Wagner,gregorylinda@mooney.com,89676993002489.0
Jonathan,Jones,kendra66@gmail.com,2345007627.0
Pamela,Guzman,lisagomez@carr.info,1720099251.0
Isabel,Banks,xlogan@rodriguez-brown.info,15194264183067.0
Nathan,Lee,huberrachel@gmail.com,40899331886841.0
Dustin,Snow,wallsrobert@gmail.com,207660754151150.0
Michael,Thompson,chad23@harris.com,104509322717542.0
Anthony,Clark,swoodward@hotmail.com,152911894262235.0
William,Young,nathan02@smith.biz,86296451375806.0
Ricky,Butler,sharris@yahoo.com,2141892762.0
Katrina,Reynolds,hpeterson@kelly.com,34079703414892.0
Roger,Potter,owolf@gill.com,46896714543.0
Caitlin,Johnson,amanda18@gmail.com,1216448298381686.0
Judith,Strong,scott92@gmail.com,1669728457.0
Julia,Robinson,trevor07@yahoo.com,7093057608.0
Tiffany,Mcdaniel,csmith@oliver.com,132943167562566.0
Earl,Fitzpatrick,david27@clarke-price.info,33739060312502.0
Jesse,Evans,kelsey56@brown-terry.net,169774735400025.0
Adam,Pena,buchananerin@sanders.com,11915587540803.0
Miguel,Clark,maryking@hotmail.com,144864753048107.0
Tyler,Kim,hstevens@gmail.com,3126379168.0
Kari,Calderon,johnrobinson@michael-flores.biz,8498347897.0
Amanda,Green,wilsonkristen@thompson.com,4088601641.0
Teresa,Cunningham,jeffrey31@parker.info,92208855902622.0
William,Jones,shudson@young.com,1659927190895774.0
Alexander,Robinson,vlamb@payne-padilla.com,2963546030535.0
Michelle,Barnett,max24@kelly.com,125070030035105.0
Teresa,Henderson,wgraham@thompson-murphy.biz,6488709166208.0
Devon,Melton,riveramary@wright.com,182169197299045.0
Linda,Oconnor,crawfordmichael@hernandez.biz,476048487089840.0
Stephen,Griffith,tyler04@hotmail.com,4943885643.0
Darren,Holden,francisco25@wilkins.com,5445769620290.0
Scott,Peterson,qbrowning@osborne.net,428212918896644.0
Justin,Patterson,amanda85@yahoo.com,6208296570.0
Anna,Jenkins,coxtina@frazier.com,170393426197378.0
Patty,Patrick,frankmclean@walters-shepard.com,595140704366660.0
Brandi,Gomez,mark06@mccall-taylor.com,15501318705.0
Sarah,Kirk,philip24@lambert-larson.biz,80222708086259.0
Lisa,Miller,james45@erickson.info,7820928051.0
James,Gibbs,tboyd@durham-taylor.net,8185011695.0
Ashley,Rogers,vanessa12@yahoo.com,2205930604.0
Laura,Buck,samantha16@alexander.org,1449762074361511.0
Anthony,Smith,morriskrystal@hotmail.com,17710864081155.0
Stephanie,Ruiz,reginagarrett@moyer-smith.com,8222239507.0
Susan,Garrett,perezcynthia@yahoo.com,3532675926.0
Annette,Smith,lhiggins@smith.net,19922606.0
Samuel,Mcintyre,sandracox@gmail.com,16126951663.0
Thomas,Walker,deannasanders@hotmail.com,4485809973.0
Joshua,Carr,fergusonmelissa@gmail.com,16066617972257.0
Robert,Lawrence,mahoneymichael@hotmail.com,7803429546048.0
Ryan,Fleming,wluna@gmail.com,1952069671.0
Dawn,Mann,jgardner@jackson.com,827594516.0
Kiara,Green,courtney58@thomas.net,36567846612209.0
Caitlin,Bush,caitlinmorrison@rodriguez.biz,15751759.0
Heather,Estrada,annawilcox@deleon.com,2869376409.0
Dennis,Price,hendrickssarah@gmail.com,196538707914878.0
Deanna,Kennedy,ambermoore@decker.com,69681473142512.0
Dominique,Brown,adrianatkins@lyons.com,85510337443075.0
Stacey,Hicks,jonesashley@gmail.com,156234375469216.0
Michael,Melton,crystal56@howard-morales.com,7417253257.0
Jeremy,Becker,kpalmer@hotmail.com,6847358017.0
Logan,Macdonald,kjoyce@russell.com,152125030068021.0
Lorraine,Obrien,figueroajames@meyer.biz,8233667063.0
Patrick,Cannon,aguilarjane@yahoo.com,1729814114029263.0
Ashley,Keller,hromero@garcia.info,27852646198537.0
John,Castillo,griffinpamela@hotmail.com,73634772374579.0
Sarah,Hernandez,kevinholmes@martinez.com,12763673260583.0
Jennifer,White,cynthiawilliamson@hotmail.com,13970379583.0
Aaron,Brown,nsawyer@guerrero.net,457325857675712.0
Jeffrey,Wilson,tsampson@clark.biz,1699683028.0
Dawn,Burns,millertara@yahoo.com,1036954103909852.0
Steven,Rodriguez,natalie36@yahoo.com,185394102599718.0
Timothy,Flores,hamiltonelizabeth@gill.com,16304461545938.0
Amber,Morgan,rebeccaweiss@roy.com,18614918192708.0
Mary,Walker,wendysteele@ross.info,2458337524801.0
Donna,Murphy,milleralexis@gmail.com,4388571688.0
Marie,Martinez,grant36@hotmail.com,14000415584038.0
Donald,Harper,ocampbell@yahoo.com,877165280376031.0
Kyle,Summers,wsmith@fox-martinez.com,44667028533234.0
Kristina,Lopez,whitemichelle@hotmail.com,238292384073062.0
Parker,Hughes,fgarcia@hotmail.com,1036746564.0
Jessica,Stafford,joycehodge@dixon.info,7298409255.0
Michael,Stuart,andrewroman@gmail.com,16574727455966.0
Beth,Dominguez,jacobrobinson@hotmail.com,8298887546.0
Kevin,Escobar,tammyellis@smith.com,329259400092.0
Marie,Collins,vmorrow@garrison-miller.biz,209845363.0
Luis,Flynn,cherylwagner@hotmail.com,130069028164593.0
Jennifer,Morgan,tiffany47@lynch-rivera.com,2184869762962.0
Gina,Hess,robersonjulie@phillips-daniel.biz,4158810090216.0
Paul,Levine,crystal21@myers.com,6009628466.0
Patricia,Sosa,jjohns@pugh.com,9744436008.0
Kim,Jones,eric28@mays.com,5259115347.0
Martin,Washington,stewartpatrick@daniels-arnold.net,3268521220.0
Patrick,Cunningham,annette57@vargas-flores.org,8538065580391.0
Thomas,Richardson,stonedaniel@hudson.com,5477603752.0
Sandra,Juarez,marissadominguez@hotmail.com,17307992975.0
Beth,Good,xmyers@phillips-lewis.com,19573959253.0
Douglas,Wolf,englishsean@holt.com,13187346483565.0
Jessica,Williams,melanieellis@mason-barker.biz,601052498748675.0
Jeffrey,Rhodes,hunterandres@aguilar.org,9300141962.0
Kelsey,Johnston,kenneth29@taylor.com,42943126239058.0
Donna,Gregory,roachholly@hotmail.com,9302390622780.0
Wesley,Herring,cstewart@shepard.com,1315745894348612.0
Nicholas,Finley,jenniferhardin@thomas-green.net,2147568056.0
Jill,Cruz,dianatorres@black-johnston.biz,7361186187.0
Kara,Jackson,johngeorge@jones-poole.com,337131829389896.0
Caroline,Hancock,mbowman@gmail.com,5303738302377.0
Christopher,Hill,umurphy@hotmail.com,14191759913263.0
Melody,Washington,jocelyn21@morris.com,4866602714.0
Crystal,Moore,lbell@walter.com,131227862047915.0
Deborah,Garcia,abigailjohnson@hotmail.com,1917494862319827.2
Debra,Burton,douglasburke@lin.org,12114149794960.0
Jeanette,Thomas,reedjonathan@yahoo.com,4331923837504.0
Robert,Stone,jennifer86@evans.com,4415270670.0
Crystal,Wise,kcarr@hotmail.com,320416437748629.0
Tyler,Sampson,clarkjose@valencia.com,935621357725666.0
Michael,Garcia,aanderson@trevino.biz,116049244818502.0
Aaron,Morgan,pbradford@yahoo.com,1974827601015348.0
Darin,Osborne,gardnerkeith@sanchez.com,2274279086011.0
Kyle,Mccoy,jonathanreyes@yahoo.com,198852609693458.0
Lee,Fuller,melvin22@gmail.com,5057943017823.0
Lisa,Bean,antoniogutierrez@yahoo.com,5039317218869.0
Joshua,Miller,vlove@melendez.biz,8410156663476.0
Angela,Burton,rmoore@yahoo.com,99478546925067.0
Susan,Collins,jerry09@moore-underwood.info,1290320866.0
Harry,Sanders,mooreeric@gmail.com,1174446094571043.0
Sarah,Gibson,nicholasjones@gmail.com,1504400090.0
Eric,Wheeler,lbanks@smith.net,1119131761.0
Darin,Robbins,ambertaylor@yahoo.com,168218083165858.0
Holly,Payne,ashleedavis@hotmail.com,54585000243221.0
Maria,Navarro,tammy20@lowery.com,1872453193.0
Michael,Ross,kim68@johnson-rivera.biz,6842404156.0
Alan,Gregory,jonhouse@walters.org,19164040092526.0
Jim,Dunn,daykaren@gibson.info,19555106527.0
Molly,Perez,estradasarah@hotmail.com,176622667341290.0
Kevin,Hinton,ferrelljohn@scott-orr.biz,867714954446980.0
Vincent,Lucas,pnelson@bowen-sanford.biz,11400768587.0
Alexandria,Peters,lindafischer@hotmail.com,3461312972757.0
Michelle,Hendrix,travis83@gmail.com,8468914282215.0
James,Johnson,berrybrent@hotmail.com,9294145275051.0
Nicole,Weber,diane95@townsend.info,63164767626363.0
Joseph,Pacheco,michael75@gmail.com,7253721899.0
Sean,Stewart,frank51@gray.com,34228273184106.0
Julie,Myers,jasminebrown@gmail.com,1691419913.0
Melissa,Yoder,amandapark@yahoo.com,126422138571586.0
Laura,Cuevas,taylorgregory@gmail.com,1276153152.0
James,Jensen,ldalton@hotmail.com,84409924388147.0
Gordon,Williams,ystewart@yahoo.com,5728072018.0
Melissa,Phelps,morrislarry@cannon.com,1325689563609390.0
Norma,Rojas,kimberlybrown@hotmail.com,5447586754.0
Zachary,Torres,zlambert@yahoo.com,10374662273293.0
Christian,Huynh,dorismartinez@hamilton.com,8011922935.0
Michael,Davis,matthewmacdonald@gmail.com,13997941261322.0
Sandy,Baker,seanpage@hotmail.com,1600356356.0
Bridget,Murphy,yphillips@hotmail.com,5521847092.0
Melissa,Navarro,skirk@gmail.com,47406071245492.0
Tracy,Wallace,robertjohnson@gmail.com,12168782652.0
Heather,Hoffman,davisdaniel@fritz-robbins.com,6545947804.0
Morgan,Hamilton,msmith@foster.com,9542243156.0
Eric,Cain,ejohnson@house.com,9381357891.0
Kendra,Cochran,sawyersamuel@lewis-brown.com,932738499.0
Christopher,Watson,diana83@torres.com,5149250096063.0
Lori,Hudson,thompsonashley@hotmail.com,12669238.0
Daniel,Glenn,kvelasquez@yahoo.com,5683859306.0
Travis,Mccann,matthewluna@gonzalez.com,422964061972636.0
Kathleen,Anderson,samantha98@gmail.com,8673918122.0
Kevin,Flores,amyscott@taylor-robertson.info,1946039435147540.0
Wendy,Terry,james53@gmail.com,3618425608.0
Elizabeth,Nichols,linda38@doyle-roach.com,685221442743893.0
Chris,Owen,uadams@gmail.com,7582176759.0
Larry,Thomas,evaughn@watkins-jones.com,34169480906685.0
Jeremy,Rowe,herringamanda@phillips.net,6299252052.0
Curtis,Edwards,navarropatricia@fitzgerald.net,17459130648539.0
Rebecca,Green,clloyd@davis.com,7055355563069.0
Amanda,Morales,edwardsryan@conley.net,35391365401746.0
Jason,Swanson,mooreaaron@hotmail.com,1015033744958579.0
William,Cameron,davidlewis@garcia.com,18199677609858.0
Jason,Bishop,wlarson@gmail.com,9936484159484.0
Shannon,Garcia,hailey65@hotmail.com,1591839000.0
Kyle,Ford,ryang@turner.biz,17745099941512.0
Paul,Baker,colleen32@hotmail.com,7471128045550.0
Patrick,Peterson,gwilliams@yahoo.com,495150792594470.0
Sean,Sanchez,sawyerbrandon@conner-lucas.org,5007432716.0
Anna,Baker,smithrodney@hampton.com,95453083780650.0
Alice,Johns,anthonyquinn@hernandez-baldwin.org,87627420545436.0
Adam,Garrison,wendygeorge@martin.com,12122826605.0
Keith,Osborne,briannasmith@peterson-downs.com,1635942382928.0
Kristen,Rodriguez,michaelmcdonald@lopez-barnes.com,242571554526332.0
Brandi,Riddle,kathydiaz@gmail.com,6910649360936.0
Christina,Washington,zmcgrath@gmail.com,22518972963240.0
Stephanie,Ellis,glin@gmail.com,90724350496303.0
Melissa,Lynch,jennifer98@townsend.org,1757920966542474.0
Randy,Davies,mmorton@white.biz,8461442234.0
David,Reed,garciawhitney@andrews-campbell.com,9516459884188.0
Lisa,Johnson,qnorton@hotmail.com,1661948520.0
Albert,Hughes,watsonmatthew@hotmail.com,16811983358.0
Richard,Williams,walshjared@hudson-brewer.biz,5112432366.0
James,Harris,nespinoza@hotmail.com,9554837939.0
Brett,Whitehead,ryan10@murphy.org,13491167253232.0
Benjamin,Hudson,ppayne@yahoo.com,3915241773.0
Shelly,Alvarez,lindacaldwell@hotmail.com,9656462298.0
Tracy,Yates,adrian73@yahoo.com,4950506098.0
Krystal,Curry,tmoses@rivera-johnson.net,16405005190819.0
Karen,Johnson,craig21@gmail.com,13379463088.0
Tony,Jones,phillipvilla@jones-perez.com,6764938086.0
Eric,Snyder,mcdowellpaul@wade-carlson.biz,831488354386446.0
Marco,Flores,turnerjames@ortiz.com,367348561977121.0
Lindsey,Cain,myersjames@hotmail.com,665660479.0
Brittany,Solomon,susanandersen@martin.com,284731429332007.0
Joshua,Chandler,nowens@jackson.net,51507834606772.0
Mary,Mccoy,courtneyjoseph@charles.com,190541992170754.0
Ryan,Thompson,russellmarquez@schaefer.org,19003095479.0
Julian,Warren,carlalexander@gmail.com,112256384554808.0
Linda,Huynh,johnstonjennifer@yahoo.com,1726268056.0
Joshua,Thomas,robin93@hotmail.com,1037862880348340.0
William,Neal,manderson@hotmail.com,37400668021563.0
Nancy,Adams,ariana15@gmail.com,1066453839990733.0
Juan,Melton,bradleycarney@yahoo.com,60294409347619.0
Emily,Norris,ncox@williams.com,41019637378687.0
Sheri,Moore,ajones@humphrey.com,19579376024.0
Tiffany,Medina,douglastrevor@yahoo.com,78579143675727.0
Pamela,Brown,tinafox@miller.org,187874206546000.0
John,Townsend,schmittterry@wilson.com,90104272333800.0
Laurie,Freeman,browndonna@prince.com,40741821558389.0
Natalie,Oliver,alexandra22@jones-mitchell.biz,482156120680949.0
Tiffany,Hurley,brownantonio@norton.com,114470163449912.0
Amy,Wood,brian64@yahoo.com,275331658122.0
Dana,Hall,stephanie86@garrett.info,19378173595.0
Matthew,Nixon,pgoodwin@rodriguez.com,6684331632305.0
Lindsey,Blanchard,hartmanamy@diaz.com,6544562727268.0
Tina,Gomez,galvanjane@howard.com,9017893077131.0
Jamie,Herman,nathan44@smith.biz,6827785050.0
Christopher,Tucker,aliciacraig@garcia-anderson.info,19496080932.0
Brooke,Murray,glee@conrad.info,47599812907774.0
Roger,Hines,quinnsherri@reyes-young.org,8395324882.0
Samuel,Dorsey,patrick19@nicholson-hernandez.biz,17146556564.0
Adrian,Frost,christophersmith@yahoo.com,9636510341.0
Jason,Huynh,joedominguez@walsh-carter.com,8702791047.0
Jenny,Gonzalez,kevin25@rasmussen-phillips.info,62973466705750.0
Marcus,Diaz,boltonmarie@hotmail.com,49657157680685.0
Dana,Gomez,nduffy@robinson-robbins.com,839831861804550.0
Shannon,Daniel,harperterri@lynch.net,1342337334539521.0
Kristina,Lee,marydelacruz@norris-gilbert.com,1430051744764385.0
Amanda,Franklin,iwood@gmail.com,17996854822121.0
Jonathan,Holt,jessica85@garcia.org,170386066988311.0
Michelle,Rogers,trevorthompson@hotmail.com,1994887510557284.0
Brett,Moses,tferrell@dixon.com,270185565316799.0
William,Davis,anthony87@gmail.com,1841950924257364.8
Courtney,Kirby,sandra97@bryant.org,667327030702128.0
Jason,Yang,blopez@gray.biz,837011381181910.0
Sherri,White,kylesandoval@hotmail.com,19354272533.0
David,Oliver,lgray@gmail.com,10410602341309.0
Shannon,Kim,joshuachambers@hotmail.com,7659001997737.0
William,King,marissawalton@clarke-hunter.com,53335091013591.0
Amanda,Nelson,samuelellis@davis.com,921464321334401.0
Lisa,Stephens,jasmine11@gmail.com,18332737971568.0
Gregory,Ortiz,heathermclean@schmidt.com,3970697085352.0
Anthony,Mckenzie,hawkinspatricia@hotmail.com,1649823071374944.0
Adrian,Austin,smithangel@yahoo.com,2104411139.0
Chelsea,Buchanan,cassandra97@gmail.com,19764903555.0
George,Lee,adamssuzanne@stephens.com,164300927923954.0
Destiny,Shaw,qrobinson@kirk.com,14345844671.0
Holly,Butler,joshuawatson@ramos.biz,8751397491.0
Marisa,Johnson,sarahhenderson@shaw-davis.com,177048875972830.0
Shannon,Allen,ericacampbell@rogers-butler.com,16726230577.0
Daniel,Sutton,carla40@gmail.com,443171875248103.0
Jeffrey,Medina,linda34@boyer.com,1644641009238082.0
Brianna,Weber,ethantucker@gmail.com,179483513322487.0
Kevin,Phillips,derekmendoza@gmail.com,366435472667639.0
Brent,Carroll,dray@howell-mayer.com,9421045046.0
Curtis,Russell,heathercameron@gmail.com,9765782914.0
Shawn,Richard,traci38@mack-jenkins.org,157012244232558.0
Jeffrey,Mckay,irwinwyatt@stephens.com,77378643187694.0
Leslie,Davis,troywhite@lopez-burgess.com,3239055745.0
Annette,Morris,sclay@yahoo.com,15956110289530.0
Christian,Garcia,ucruz@yahoo.com,3456501105.0
Michelle,Collier,brittany49@flowers.net,3297621465.0
Erika,Carter,olivia30@hotmail.com,251238274907782.0
Debra,Foley,lorimccullough@butler.com,4962339698.0
Susan,Wolf,yangsara@irwin.com,11103323568.0
Rhonda,Miller,dawn61@nguyen.com,10215542763311.0
Robert,Jimenez,kathrynespinoza@gmail.com,7235901884.0
Linda,Green,rojasphilip@gmail.com,148469574007210.0
Jason,Perez,williamhamilton@kline-mendoza.org,330352430866853.0
David,Miller,sarah21@rodriguez.biz,14071399880320.0
Ashley,Baker,rhondadixon@yahoo.com,121827209043144.0
Shannon,Barrera,nicole98@mccullough-turner.info,9861663159.0
John,Hopkins,smithrichard@higgins.biz,764469469.0
Eric,Martinez,bobbyoneill@moreno-huff.com,5867996949912.0
Justin,Fields,donald91@yahoo.com,469073843098416.0
Judy,Cox,jennifer63@yahoo.com,198616535.0
Matthew,Erickson,larrymiller@yahoo.com,144269639134724.0
Sarah,Potts,allenmathew@garrett.com,2733511477465.0
Shelia,Daniels,martinezjoseph@vargas.com,17635445243146.0
Richard,Marshall,noblemelinda@martin.org,4020574945209.0
Kenneth,Johnson,barryemily@hotmail.com,10763429771568.0
Kyle,Kennedy,christopher11@gmail.com,16719708226852.0
Sarah,Rogers,gmyers@moore-davis.com,14442936780469.0
Daniel,Wood,kenneth73@yahoo.com,3010562401147.0
Lynn,Moss,katie46@yahoo.com,18497632742.0
Connor,White,joshua51@gmail.com,1958049761.0
George,Cohen,carlytapia@rangel.com,714385623.0
Rachel,Shaw,dcruz@duran.info,6988129259.0
Ethan,Jenkins,salvarado@gmail.com,69683710978055.0
Kimberly,Stout,kwalters@yahoo.com,1981014243119304.0
Samuel,Miller,doyleelizabeth@coleman.org,195133791838727.0
Carrie,Wright,todd80@robinson-bryan.info,12608083895.0
Anthony,Anderson,jacquelinecompton@price.com,323796452446533.0
Jade,Gutierrez,wproctor@jackson.com,1590437202835763.0
Allison,Hubbard,jennifergeorge@yahoo.com,396370688.0
David,Ford,fdickerson@gmail.com,12957501390164.0
Jared,Rogers,jpeters@gmail.com,6177073033.0
Kyle,Black,zavila@thompson-livingston.com,7911365409.0
Cynthia,Richards,deanna54@gmail.com,65079523289.0
Christina,Montoya,rtaylor@gmail.com,11321477502353.0
Bradley,Smith,gonzalestiffany@rodriguez.com,56553847300452.0
Cindy,Perkins,bsanchez@gmail.com,1842649405195584.8
Jane,Burke,andrew25@meyer.com,58655664381415.0
Mary,Pruitt,fgardner@lewis-wilson.com,10580257193.0
Paul,Hall,guzmanmichael@andrade.com,909637742603361.0
Leah,Rhodes,laura26@rodriguez.com,3851834383.0
Joshua,Poole,lyoung@holloway-smith.com,1230879859362958.0
William,Simpson,vcox@butler.info,190587697130.0
Mitchell,Oneal,margaret52@gmail.com,151456159268445.0
Rachel,Elliott,thomasedwards@scott.com,388872727785980.0
Jason,Jones,njimenez@hotmail.com,9522429271959.0
Margaret,Dean,derrick89@yahoo.com,166457956712777.0
Gregory,Lewis,pettymarisa@bailey.com,18733867209.0
Alyssa,Carter,vasquezronald@king.info,1798576849011333.0
Joshua,Randall,amyperez@hotmail.com,502467025.0
Lindsay,Carlson,dustin67@morris-horn.com,5592966558.0
Lisa,Thomas,patrick08@walker-smith.com,90093855518940.0
Theresa,Brown,nancy94@cooper.org,139068566671807.0
Jorge,Wilson,hcrosby@escobar-garcia.org,2665009252.0
Krystal,Cooley,udelgado@yahoo.com,115270764530539.0
Pamela,Holder,kcharles@barnes.com,17296438459569.0
Carolyn,Patton,grayjamie@hotmail.com,7583837731.0
Dennis,Quinn,kimberlyfuentes@hotmail.com,1986267047546968.0
Calvin,Barnes,andrewcarter@yahoo.com,19765592549.0
Steven,Holmes,christopher24@martin.info,10892634095.0
Aaron,Fowler,daychristopher@yahoo.com,6943281583.0
Hannah,Lopez,samuelschultz@yahoo.com,1074450609039.0
Aaron,Miller,ghorton@gmail.com,135122837899169.0
William,Hicks,zachary71@hotmail.com,6154800521.0
John,Stone,amy39@stewart.com,1576675502.0
Shane,Daniels,cpeterson@carr-kelly.info,5990938131.0
Catherine,Butler,nicolecraig@hotmail.com,1910700207236203.2
Fred,Osborn,theresahaley@chan.net,1790786407273137.0
Anthony,Bowers,shortraymond@yahoo.com,18642684816150.0
Kimberly,Olson,wwalters@yahoo.com,830533446644203.0
Derek,Jimenez,qbrown@hotmail.com,913918326942.0
Cynthia,Lewis,juan43@hotmail.com,16330824953430.0
Alexandra,Mckinney,amber30@yahoo.com,67856448459400.0
Michael,Martinez,tlogan@yahoo.com,12206931234.0
Joshua,Harper,kevinstone@gmail.com,15593717436606.0
Bruce,Jones,theresa27@dudley.net,2237101800.0
Patricia,Benitez,brandon78@riley.com,3723500758600.0
Renee,Smith,allenerin@duarte.info,2027371586.0
Deborah,Wallace,carlnavarro@myers-white.com,14033370165170.0
Jennifer,Hayes,hillerica@gmail.com,9844811668.0
Natasha,Nixon,melissa67@yahoo.com,664128889960526.0
Michelle,Berger,terrykim@hotmail.com,100035313039925.0
Andrea,Ramirez,jhutchinson@guzman-howard.com,17500438982.0
Jennifer,Lawson,jeffreywebb@hotmail.com,8684644791004.0
Perry,Santos,virginiahiggins@yahoo.com,18057358599.0
Bryan,Johnson,rcrawford@yahoo.com,11041138953276.0
Katrina,Macias,hernandezmelissa@frye.info,25708345932689.0
Kenneth,Garcia,christopher45@gmail.com,16510703141.0
Ariel,Hamilton,milesbarbara@gmail.com,15327186182.0
April,Rodriguez,jessicaedwards@moore.biz,38172377061439.0
Paul,Hardin,wilsonrichard@faulkner.com,5839060212.0
Heather,Griffin,tammyodom@gmail.com,14165459813366.0
Sara,Harper,jeffreyzuniga@graham.com,64061019040068.0
Susan,Hart,fdavis@williams.com,1337585590.0
Ryan,Gray,jmayer@gmail.com,3662748806.0
Lisa,Lopez,hmorris@allen.com,239361698934029.0
Kevin,Morris,carellano@gmail.com,1355305815490.0
Christopher,Potts,srosario@herrera.com,11183902851.0
Charles,Taylor,dennis87@reeves.com,35367540924344.0
Donald,Nguyen,porterlisa@ballard.com,400144566.0
Derek,Ortega,tcole@alvarez.biz,6147426929.0
Ricky,Taylor,pamelarichardson@norton-vasquez.net,10544687904603.0
Jennifer,Miller,rebeccazavala@gmail.com,18314196617.0
Christopher,Adams,tyler34@lee-hernandez.info,7225402417.0
William,Allen,dday@richardson.com,175312106159512.0
Rachel,Cooley,matthewgarrett@thomas.com,70848190329602.0
Shannon,Sullivan,jessica87@yahoo.com,4163115166.0
Michelle,Butler,gwilliams@gmail.com,49020284569463.0
James,Olson,anthonywebster@gmail.com,1438961677661034.0
Adam,Perkins,patriciajackson@small-hardy.net,2009244496.0
James,Miller,amandabarnett@hotmail.com,818539817778997.0
Anne,Ford,wheelermariah@coleman.info,506937919.0
Daniel,Baxter,jasminelee@gmail.com,126835026761640.0
Joseph,Thomas,kathy80@morales-gutierrez.com,5278181785.0
Taylor,Smith,fclark@simmons.com,2371269136744.0
Allison,Jones,ysteele@gmail.com,5104351238.0
Richard,Ayers,ayalaronald@jones.org,1316999065.0
Brenda,Myers,xherrera@joseph-fry.com,43243813376108.0
David,Davis,jdunn@gonzalez.info,3142906448.0
Ann,Nelson,jpage@yahoo.com,19171255164624.0
Rachel,Torres,abigail73@schultz-williams.com,94197294150226.0
Matthew,Cook,debrarichardson@macias-johnson.com,19595271987.0
David,Dennis,ugrant@hotmail.com,1736507629453132.0
Jessica,Gutierrez,jill57@gmail.com,546936391.0
Briana,Curtis,troth@sullivan-ward.org,11865451927.0
Nancy,Lee,adamhanson@yahoo.com,104321857919950.0
Benjamin,Morris,archertimothy@ray-hill.org,10343808708.0
Anthony,Smith,steven81@moore-pierce.info,5721707691.0
Stacey,Ingram,armstrongmelissa@moore-bradley.com,6551567910.0
James,Booth,asmith@taylor.com,16118833901109.0
Mark,Lee,david39@jennings.info,9295728275.0
Derek,Donovan,michael53@silva-roberts.com,10742430747015.0
Jessica,Wright,xlee@michael-thompson.com,4282976663.0
Maria,Cameron,bergerluis@perry-mullins.com,76301458054571.0
Christina,Martinez,longaaron@collins.biz,410348018942333.0
Justin,Brown,fjones@avila.biz,157299036314819.0
Kevin,Mcdonald,omargarcia@yahoo.com,1554229031.0
Kelly,Johnson,ocoffey@butler.com,91679012764364.0
George,Garcia,jacqueline26@young.biz,3275991060.0
Melissa,Phelps,kelsey88@hotmail.com,3515038619.0
Destiny,Dixon,pricebecky@hotmail.com,61537201382849.0
Samuel,Lopez,nelsonjoseph@hotmail.com,161886591124379.0
Erin,Harris,jamesreynolds@stephens.org,12730517627007.0
Jennifer,Walker,psmith@kennedy.net,1886587107313872.0
Kenneth,Wilson,billy29@dixon.net,9994117530186.0
Zachary,Lee,vbridges@yahoo.com,71684332257574.0
Kevin,Williams,michael93@yahoo.com,2315623169.0
Mark,Johnston,vcraig@bradley.com,703837556.0
Andrea,Reed,campbellkarina@smith.com,1722189812666079.0
Kevin,Rodriguez,richard28@brooks-austin.biz,645906049763213.0
Karen,Ross,mstevenson@yahoo.com,33853094497848.0
Randy,Barnes,harmonmelvin@ortega.com,6970605174357.0
Raymond,Smith,hermanmark@yahoo.com,1939391354037664.8
Alexandra,Taylor,walshheather@watts-moss.com,16818634223213.0
Justin,Scott,ncampbell@chan-jones.com,12079326649.0
Lauren,Mercer,taylorcarlos@gmail.com,7479583427061.0
Pamela,Curtis,crawfordamanda@wood.org,1754308951275298.0
Samuel,Cortez,thomasjones@ramirez-williams.net,860849490924247.0
Scott,Crawford,lmartinez@williams.biz,3631834889.0
Amy,Clark,rebeccawhitehead@hotmail.com,9693490179.0
Troy,Mendez,lopezdavid@holloway.com,342125100.0
Dawn,George,ryan75@gmail.com,1983382294224.0
Susan,Gilbert,jenniferjames@miranda.com,3609716180.0
Mitchell,Sanford,grantdavid@jordan.com,15695355867375.0
Caroline,Sanders,mrobinson@gibbs-brown.net,1504933314801.0
Renee,Taylor,reynoldstaylor@gmail.com,8499243085.0
Shawn,Johnson,cody85@myers-scott.biz,9072644849.0
Dennis,Robertson,chambersnicholas@robinson-cole.com,1982255077312936.0
Deborah,Hernandez,lucasstacey@gmail.com,18160890287448.0
Amy,Wilson,gonzalezmichael@white.org,1791855855495783.0
Nancy,Graham,donna13@gmail.com,178748582034517.0
Derek,Patterson,carloshunt@adams.com,815109220222423.0
Ashley,Franklin,marknguyen@harrell.com,1958426712425743.2
Bradley,Price,jacob19@bell.com,5299111819.0
Jason,Davila,millerlaurie@hotmail.com,859696370110795.0
Felicia,Robles,lowestephanie@gmail.com,1338071337392333.0
Erin,Jackson,youngtaylor@fitzgerald.com,2449484322.0
Andrew,Hayes,davidwood@gmail.com,4328717974.0
Anthony,Foster,sara31@moore.info,1964984998.0
Troy,Simon,thomasbrown@french.biz,7262083821.0
Christy,Barker,markkelly@roberts.org,16132385409634.0
Mark,Harper,williammiller@carr.com,766369526.0
Kathleen,Richardson,ethan15@mills.com,13262317336206.0
William,Franklin,ruizgreg@hess.com,4784835968.0
Kristina,Davis,hbowman@perez.info,494220224059662.0
Benjamin,Reynolds,pelliott@hotmail.com,822072305378984.0
Heidi,Lee,jason80@davis-reynolds.org,893084414608612.0
John,Moore,terrifrank@yahoo.com,3445201673359.0
David,Diaz,richardsanchez@yahoo.com,6058051409.0
Jeanette,Carter,brianmyers@hotmail.com,11613286309419.0
Devin,Adams,jonesjohn@reyes.com,6431919841.0
Steven,Nguyen,austin06@hotmail.com,899000343041369.0
Kayla,Torres,lhood@hotmail.com,150019494682766.0
Sarah,Oliver,bakerjennifer@gmail.com,575786275423997.0
Glen,Barnes,kennedyjohn@cole.org,26180854885265.0
John,Miller,ewingmiguel@stewart.com,12168616626.0
Charles,Nguyen,loganreyes@yahoo.com,1350766687.0
Ryan,Hayes,rachael29@hotmail.com,132162723462202.0
James,Jones,taylor81@yahoo.com,13666298961.0
Jacob,Freeman,wrightrobert@hotmail.com,21884786942486.0
Wendy,Johnson,jesse78@watkins.com,8923365403.0
Cheryl,Clarke,dodsonjohn@yahoo.com,6514451850.0
Brittany,Ferguson,cdavis@yahoo.com,262103668.0
Adrian,Wang,michellebrown@hotmail.com,6942670771.0
Cristina,Meyer,laurarivera@yahoo.com,2662065098787.0
Donald,Duarte,zbonilla@watkins-smith.com,8858508645.0
Caitlin,Valenzuela,barbersarah@yahoo.com,15616181428626.0
Jermaine,Thompson,harringtonpenny@gmail.com,2512375874.0
Shaun,Chavez,tuckerelizabeth@roberts.com,136465950772534.0
Megan,Murphy,sarah44@yahoo.com,795610043398221.0
Tom,Peterson,nathan74@hotmail.com,600853882662.0
Randall,Douglas,jaimegreene@ross.net,14764322055441.0
Alexander,Rodriguez,clarkdavid@miller-nelson.org,12608327025.0
Matthew,Kim,debra58@gmail.com,19833622600.0
Kelli,Sullivan,erinortiz@yahoo.com,6366073211.0
Jodi,Kelly,hoffmanlarry@allen-chambers.com,15149871116348.0
Isaiah,Kennedy,zhudson@james-smith.com,8941304299423.0
Michael,Campbell,masseyjessica@vang-adkins.com,8032905201.0
Ashley,Wilson,felicia00@henry-brown.com,856213837281172.0
Andrew,Cuevas,janice37@rojas.biz,1087300619978597.0
Nathaniel,Clark,clarkkatrina@perez.com,9295365655.0
Kendra,Smith,lbentley@reyes.net,3343190774.0
Sylvia,Baker,hbell@gmail.com,4196975888486.0
Anna,Jones,tyler25@craig-copeland.org,93396231019112.0
Travis,Potter,robertmiller@hardy.org,31916142836339.0
Daniel,Murray,annholland@foster.net,11602210676859.0
Edward,Gonzalez,vcarpenter@yahoo.com,9945021049.0
Angela,Flores,mckinneysteven@atkinson-young.com,13453561328.0
Angela,Mcbride,ortizanthony@gmail.com,8187957403.0
Barbara,Mullins,maria78@gmail.com,646953137203368.0
Jason,Brown,ksullivan@duncan.com,12211084830409.0
Kristin,Nelson,emily24@sims.com,37270687145074.0
Tanya,Munoz,danielstevens@lindsey.com,89602470768409.0
Jonathan,Diaz,cthompson@hutchinson.net,155955299190607.0
Anne,Zimmerman,pcarter@hotmail.com,709741078695406.0
David,Walter,adam97@yahoo.com,8804918708.0
Ann,Hall,smithlori@yahoo.com,683403275736513.0
Julie,Brown,gperez@bowers-taylor.com,1850137679706179.2
Carl,Dickerson,kathleenjackson@yahoo.com,316463031095793.0
Susan,Leach,david94@brown.org,1916687594192.0
Ashley,David,angeladrake@young.com,11975889420099.0
Richard,Russell,kathy75@hotmail.com,5633509558.0
James,Carlson,helengould@yahoo.com,6736769402.0
Rhonda,Summers,klevine@thompson.info,19027851530940.0
Robin,Carney,changchristopher@hotmail.com,8616783508.0
Deanna,Shaw,sgonzalez@gmail.com,4486756616.0
Shawn,Harrison,cunninghamtonya@sullivan-herrera.biz,5678067302.0
Amanda,Howell,tracyromero@sanchez-davis.net,183538785421484.0
Keith,Rodriguez,kvalenzuela@hotmail.com,169414048113726.0
James,Mcdonald,tonyconrad@gmail.com,9468208668.0
Andrew,Rogers,ucruz@yahoo.com,7549529004.0
Stephanie,Johnson,lhudson@watkins.com,143425382390360.0
Joseph,Collier,sstewart@yahoo.com,81491401800917.0
Mark,Warren,kroberts@yahoo.com,6602799348.0
Bonnie,Lopez,heather76@gmail.com,18186719349.0
Robert,Wilson,stevefernandez@gmail.com,14046654034.0
Ricardo,Lewis,aaron75@boyd.com,4676872109.0
Susan,Butler,michael85@ramos.info,35375970597549.0
Phyllis,Turner,davisderek@yahoo.com,17411235238.0
Nancy,Gallegos,doylesarah@bowen-jacobson.net,1522873360224108.0
Joshua,Johnson,lopezjames@scott.net,119593293117505.0
Denise,Henderson,jacobbarber@parker.com,86846394916400.0
Dakota,Davis,phillipsbrandon@hicks.info,10547385695713.0
Ashley,Franco,pinedajordan@gmail.com,58649519889013.0
Dawn,Smith,tamarahill@murphy.com,1283540383971874.0
Jill,Ryan,michelle93@gmail.com,5672781358559.0
Nicole,Cobb,derrick53@walters-curtis.com,2514800710.0
Michael,Gardner,anthony31@hotmail.com,10355282607.0
David,Carroll,jacksonjustin@hotmail.com,3962359702.0
Stephanie,Jenkins,carpentermiguel@carlson.info,4824161819213.0
Henry,Wright,sarah07@gmail.com,7701285964.0
Erik,Gordon,kevin24@gmail.com,1852370724609860.8
Gene,Myers,denisebaker@ramirez.info,126346830175366.0
Megan,Davis,williamlewis@yahoo.com,7135567382.0
Zachary,Booth,wcollins@yahoo.com,834553159214310.0
Robert,Hinton,apriladams@gmail.com,8706183367.0
John,Bradford,mathewcruz@cooper.info,27529007431097.0
Maria,Crawford,stacycarroll@alvarado.net,6088763159.0
Luke,Morrison,mcintoshbrian@hotmail.com,15876721494.0
Jennifer,Hernandez,emily86@woods.net,17276916929.0
Tammy,Walters,douglascervantes@fields.com,3966538691.0
James,Richardson,harristhomas@yahoo.com,2646822690734.0
Katherine,Boone,jamierodriguez@gmail.com,6434898620.0
Thomas,Armstrong,imartin@thomas.com,55513454229324.0
Dana,Santiago,thernandez@yahoo.com,5139024038.0
Caroline,Gregory,latoyaduarte@mccullough.com,195059105447228.0
Heather,Decker,fordkeith@turner.com,5602296040653.0
Ryan,Roach,stevensherman@haney-mcintosh.com,6735354946.0
Michelle,Moore,myerswilliam@hotmail.com,8932595999.0
Heidi,Graham,stephenfranco@herrera.info,1492719918887.0
Julie,Arias,annette61@gmail.com,7367809026289.0
Robert,Vazquez,jeremy37@crawford.com,130408058378315.0
Justin,Young,lkelly@parker-carter.com,190891657064623.0
Shannon,Garcia,troy57@jones-robinson.org,16654626764.0
John,Collins,martinandres@arnold-santos.net,163011310649922.0
Katherine,Anderson,taylor87@hayes-taylor.com,5807329618.0
Benjamin,Owen,mitchellmatthew@ryan-russell.org,8743591960.0
Lindsay,Haley,tlucero@crawford.com,9402585497397.0
Ashley,Porter,john75@davis.com,25893725313672.0
Thomas,Green,harrisdonald@nguyen.info,78634361216510.0
Suzanne,Johnson,zroberts@hunt.com,182153945306247.0
Heather,Butler,greenekelly@gmail.com,6064916588.0
Lauren,Johnson,watersalexis@carter-simpson.com,8489904772.0
Michele,Love,zleblanc@arias.info,1126206632.0
Michael,Kemp,carolgreene@payne.com,61985330.0
Amy,Campbell,ashley13@holloway-ray.com,4570984558306.0
Mary,Barker,kellywalton@rojas-hartman.net,1370096356.0
Tony,Rios,jdickson@noble.com,15120302187967.0
Lindsey,Nguyen,scottbautista@harris.net,103602024530757.0
Susan,Harvey,leonard52@garcia.com,1322991815429440.0
Melissa,James,eric28@hotmail.com,6331899278.0
Frances,Nelson,hernandeztyler@valentine.org,15803868709013.0
Brian,Smith,valenciathomas@watts.com,437009947566540.0
Dale,Duran,pwhite@gmail.com,2460187489.0
Christina,Parker,elizabethwong@horton.com,198487602393769.0
Anne,Patterson,brewerrichard@welch.com,3562211705.0
Charles,Davis,wolfecory@hotmail.com,464420651595631.0
Monica,Bell,bryan68@estrada.net,1173540760069034.0
Sandra,Calderon,sandra36@gmail.com,5274157838143.0
Christopher,Johnson,reginaerickson@yahoo.com,71842501073956.0
John,Wilkinson,valeriebrady@stone-vargas.com,7095990050.0
Joy,Contreras,karen01@hotmail.com,9608400305.0
Anthony,Holland,abishop@yahoo.com,10746877668834.0
Sara,Kelly,jeremiah01@johnson.net,146777081609854.0
Matthew,Brown,joshuamack@yahoo.com,9399008885.0
Amy,Pena,jbaldwin@hotmail.com,1326960360833571.0
Sierra,Hayden,courtney75@reynolds-sandoval.com,9755172249.0
Heidi,Ross,robertmurphy@wall.com,19006863781.0
Kimberly,Fisher,kathryn84@yahoo.com,1469015726711310.0
Tiffany,Wilson,allendaniel@stephenson.net,99792994230593.0
Steven,Jones,austin31@gmail.com,172178001316025.0
Erin,Carter,wilsonlisa@humphrey.biz,15833199982499.0
Shannon,Wood,michaelrodgers@hotmail.com,690267574181528.0
Jessica,Newman,robert23@smith.com,19638942098770.0
Veronica,Walsh,awilson@vega.com,18547245534.0
Mary,Bailey,ihatfield@stevens-gonzalez.org,7147939685.0
Lori,Duncan,martinezdavid@hotmail.com,133888778.0
Craig,Garcia,hdavis@kline.info,17298482931004.0
Joshua,Luna,mholmes@moss-lewis.net,12193643422451.0
Vicki,Richardson,nixonkatrina@yahoo.com,22649205047592.0
Jennifer,Austin,lopezvictor@long-jones.com,3136337303.0
Deborah,White,briangomez@gmail.com,6066555655651.0
Michelle,Romero,preid@torres.com,7924097481.0
Dale,Turner,jonathansimon@walters.org,11887752616610.0
Kimberly,Snow,richard70@gmail.com,190355327708400.0
Megan,Arnold,jholland@murphy-harris.com,4622292445.0
Kathy,Morse,petersonjames@harrison-ferguson.com,141055930275873.0
Maxwell,Roberts,hernandezalyssa@hotmail.com,10727732939.0
Gregory,Smith,stephenkirk@maldonado.com,3710702731.0
David,Lamb,richardkidd@mcclure-parks.com,103424244780056.0
Elizabeth,Brown,jeffrey88@jones-davis.com,259204955215140.0
Emily,Fox,wardbetty@yahoo.com,59921244055785.0
William,Perez,michealkramer@gmail.com,1168371673.0
Aaron,Franklin,lisa53@torres.org,115702416729462.0
Morgan,Peck,heather26@allen.org,939298852.0
Jennifer,Lee,lferguson@yahoo.com,1716779769266064.0
Austin,Blake,briancollins@yahoo.com,15332499611627.0
Joseph,Moran,mcdonaldlaura@yahoo.com,424144567253.0
Douglas,Barajas,hammondjoseph@yahoo.com,105371718593215.0
Veronica,Villarreal,vazquezadam@hotmail.com,3121909970.0
Amanda,Butler,omiller@yahoo.com,1087547809597739.0
Courtney,Swanson,joseph51@knapp-stout.com,3806245833.0
Jennifer,Richard,autumnwilcox@odom.net,6868430725.0
Erin,Barnes,janice83@davis.com,510010458954113.0
Kevin,Bradley,isims@parker.com,139207151550614.0
Ann,Green,michael56@becker.biz,7778590222808.0
Hannah,Gallegos,theresaallen@yahoo.com,427845214102498.0
Eddie,Pineda,tonijohnson@williams.com,4460296419.0
Joseph,Mcdonald,megangreen@powers-marshall.biz,5963550738.0
Joseph,Garcia,conleykeith@yahoo.com,1618800970682930.0
Christopher,Fletcher,sdiaz@randall.com,2513982517718.0
Dawn,Nunez,david24@gmail.com,906815225985650.0
Jennifer,Waller,benjaminlucas@hotmail.com,1222033811778191.0
Anna,Patterson,jamesball@french.info,59613805115542.0
Cameron,May,pzimmerman@thompson-reed.net,19999282303383.0
Samuel,Bell,rileykimberly@gmail.com,440274701219310.0
Victoria,Rodriguez,chavezcharles@goodman-ramirez.com,5600538787.0
Juan,Pineda,hernandezcrystal@evans-mills.biz,9734689588137.0
Ronald,Odonnell,alexandra30@yahoo.com,5574393268.0
Larry,Davis,michaellevine@gray.com,348676310859507.0
Nicole,Montgomery,mgraves@moore.net,1588566975.0
Anthony,Davis,james87@hotmail.com,17848361993.0
Stephen,Mclean,davidbarker@murphy-carpenter.biz,372138373328613.0
Jack,Davis,lisa02@hotmail.com,1021903576742477.0
Trevor,Gilbert,colleenwhite@gmail.com,597699816492600.0
Joseph,Cook,vkeith@yahoo.com,886961223188431.0
Thomas,Smith,andrespatel@gmail.com,6493759648.0
Billy,Smith,jessicahurley@townsend-hurst.com,6601684334.0
Stacey,Rodriguez,wrice@gmail.com,60795210682405.0
Kevin,Reid,rachelhill@hotmail.com,287401836969065.0
Bryan,Hawkins,richardlewis@gmail.com,4734420229259.0
Miranda,Perez,oriley@berry-cortez.net,126837963559496.0
Rebecca,Kelley,istewart@wang.info,961974217.0
Maurice,Guerrero,garrettalicia@hotmail.com,7010291644247.0
Travis,Christian,kmorton@yahoo.com,8261875711315.0
Karen,Ramirez,debrarusso@ortiz.biz,10352016805.0
Christian,Wyatt,cardenascathy@bonilla-rose.com,341525309.0
Julie,Morales,wilsonrachel@hotmail.com,108987153694890.0
Patty,Taylor,osantana@johnston.com,1398160515.0
Joshua,Owens,jessica58@peterson-williamson.com,4526517628.0
Nathan,Gonzalez,nhood@hotmail.com,5987941235.0
Jeffrey,Young,smithmark@smith.com,19581438002137.0
Erik,Soto,hutchinsonanthony@riddle.org,9125191612.0
Kimberly,Vaughn,edwardphillips@bailey.com,644777611281308.0
Heather,Blackwell,wrichardson@lynch-douglas.com,18067347875063.0
Andrew,Ramirez,shenderson@phillips.biz,5773726417528.0
Kathleen,Hill,frank37@harmon-scott.com,9075060001145.0
Brendan,Flores,john62@black-mueller.net,4157819735.0
Jillian,Fisher,david59@yahoo.com,7893906475643.0
Timothy,Adams,deborahhernandez@vincent.info,167048830042428.0
Elijah,Olson,tiffanywagner@gmail.com,8030968156152.0
Dean,Armstrong,ocarpenter@schneider.com,17340955489.0
Brenda,Rivera,christopherwilliams@yahoo.com,18937788208421.0
Robert,Graham,derek13@carter.com,7339168050.0
Amanda,Flores,zturner@day-davis.com,194097397354739.0
Christopher,Williams,gonzalezrobert@miller.com,2591159511.0
Amy,Pearson,sthomas@rich.com,980623505181357.0
Mark,Smith,amber58@green.info,14141570162.0
Alexis,Nunez,qpayne@hotmail.com,2990251538421.0
Linda,Jefferson,breannavalencia@hotmail.com,12474976269.0
Karen,Foster,davisamanda@olsen.biz,3572055308688.0
Anthony,Knight,jenniferrose@wells-mitchell.com,7902188740.0
Diane,Bowen,dhill@gmail.com,39486621100839.0
Amanda,Wilson,phillipbarrera@weiss-cobb.com,6802749556.0
Caitlin,Garza,hunter05@wells.biz,5820285048.0
Julie,Ross,umahoney@yahoo.com,733921805348924.0
Benjamin,Hebert,ecarson@jones.org,79872567509887.0
Matthew,Barker,christopher29@yahoo.com,4526207436.0
Christina,Meyer,stephendavidson@hotmail.com,3837600130278.0
Alyssa,Foster,denisesharp@hernandez.com,9210343462.0
Kayla,Mitchell,jason09@hotmail.com,17109581709895.0
Dorothy,Davenport,robin72@hurley.com,6258013990.0
Sheila,Liu,tphillips@gmail.com,19671191090734.0
Nicole,Lucero,dannyruiz@ruiz-callahan.org,440334999574716.0
Maria,Carter,robertsonnathan@gmail.com,73544015076011.0
Matthew,Juarez,powellpeggy@burton-smith.com,5901618299.0
Meghan,Wallace,mendozabrandy@key-ferguson.info,875780585718296.0
Shelby,Rodriguez,ashley95@gmail.com,137184342190051.0
Aimee,Allen,pgriffith@hotmail.com,50680623031.0
David,Flores,priceandrew@hotmail.com,6554393619.0
Cheryl,Nunez,egates@yahoo.com,9530310259.0
Amy,Gordon,nathanielhammond@gmail.com,2915995284356.0
James,Bender,alan96@gmail.com,3037209855.0
Bradley,Perkins,mendozatammy@gmail.com,150870543209244.0
Ethan,Lopez,rosssarah@gmail.com,783568306457184.0
Veronica,Parrish,ihoffman@hotmail.com,45350775832587.0
William,Cummings,andrewwalker@yahoo.com,161125412190668.0
James,Williams,smithjamie@rodriguez.info,337850824000795.0
Tyler,Meyer,leashley@hotmail.com,7537701820119.0
Anna,Lewis,andrew13@murphy.net,6745000018312.0
Lauren,Burgess,nhughes@yahoo.com,1812186845.0
Brian,Mills,amandaschultz@hotmail.com,5230906727539.0
Emily,Jones,xcook@morse-curry.com,96091926627329.0
Stephanie,Hernandez,david77@hotmail.com,181062236793299.0
Randy,Becker,hbishop@robbins.com,1820674324618467.2
Daniel,Short,elliottangela@brown-guerrero.net,1383009306969330.0
Raven,Chambers,richardcarter@hotmail.com,10688809.0
Kelly,Valencia,dylanstewart@gmail.com,3354499186.0
Adam,Little,noahmoore@yahoo.com,2443598491703.0
Madison,Mcdonald,nathanmcgee@white-gutierrez.info,19948242585713.0
Diana,Weber,cmason@meadows-adams.biz,131092181787114.0
Tanya,Anderson,davidjessica@moore.info,2950573738.0
Tyler,Dixon,johnsonandrea@brown.com,173935467008360.0
Shirley,Greene,martinmichelle@vargas.net,862173209571606.0
Billy,Hansen,bwade@rodriguez-reynolds.org,1601261197069590.0
Phillip,Lee,josephmccann@bradley.com,6676695424483.0
Kelly,Pacheco,daniel33@hotmail.com,1506447430.0
Tina,Lee,hjackson@gray-gray.com,18046032054984.0
Leah,Harris,julia08@hotmail.com,972226869.0
Toni,Mccoy,lukebaxter@clark.com,2668567731.0
Kayla,Nguyen,dcruz@james-terry.org,66965816800621.0
Charles,Hamilton,hannahgomez@pollard-gibson.info,495031266720124.0
Vincent,Johnson,justinbaker@mitchell-joseph.com,9132417568904.0
Donald,Parks,keith76@price-golden.com,93031159338352.0
Jonathan,Walters,russelljennifer@johnson.com,163567489873643.0
Andrew,Brown,powersadam@farmer-smith.com,9724236881.0
Karl,Whitehead,adrianbernard@hotmail.com,166872900062697.0
Joshua,Smith,katiesmith@hotmail.com,7484517877.0
Joseph,Strong,kellylisa@yahoo.com,437214891270364.0
Joshua,Peterson,baileysherri@evans-chavez.net,8823503018.0
Jennifer,Owens,sfriedman@yahoo.com,12334417244612.0
Phillip,Miller,dmiller@howard.com,18482587398.0
Courtney,Simon,melissa77@miller.com,13810849871909.0
Eduardo,Mccoy,lcook@peterson.com,476469149504.0
Christian,Rowland,jeremyconway@poole-williams.com,869290255018818.0
Daniel,Thomas,alyssahuynh@young-greene.com,49781155226235.0
Shannon,Aguilar,randy24@yahoo.com,1808717097.0
Barbara,Jones,wanderson@hotmail.com,146122525774811.0
Francisco,Vaughn,zmacdonald@martinez.com,15555334498590.0
Rita,Woods,michael45@holloway-poole.com,158826711448948.0
William,Smith,ericweiss@waters-scott.com,183252293313262.0
Stephanie,Bruce,catherineblair@hotmail.com,1862387838753228.0
John,Jones,qbell@hotmail.com,131149975.0
Matthew,Horton,rossgerald@gibson.com,8390938424.0
Dylan,Alexander,brandon88@thompson-lewis.com,11499195007070.0
Justin,Parks,marcusaguirre@yahoo.com,134843198282739.0
Brent,Butler,williamstheresa@martin-shaw.com,323479070396611.0
Tammy,Bradshaw,smithroy@gmail.com,975752760128529.0
Michelle,Webb,wallacecatherine@yahoo.com,17369320512401.0
Virginia,Lucero,wgonzalez@patrick.biz,48361506780885.0
David,Perez,adavis@gmail.com,12863892871774.0
Nancy,Smith,andersondevin@gmail.com,11774409963018.0
Lori,Holder,brittneyjones@cooper.net,164217648003385.0
Antonio,Flores,martinkaren@finley-harrell.com,111028363911184.0
Phillip,Thomas,kimberlygomez@wolf.com,2602771521.0
Michael,Wise,daniel14@hotmail.com,75390263952579.0
Samuel,French,casey16@escobar.com,5307847845.0
Antonio,Ritter,joshuamarsh@rogers-baxter.com,539050657.0
Jamie,Miller,penajennifer@taylor.info,7266017032877.0
John,Trujillo,grobinson@campos.com,4814981407.0
Shawn,Hanna,bfrost@gmail.com,3963400552.0
Cassandra,Jackson,jonathan56@jenkins.org,1537871199.0
James,Cooper,joshuamiller@smith-parks.com,28317721379495.0
Hannah,Stevenson,garrettrobert@hotmail.com,3119805692.0
Bruce,Johnson,robert16@yahoo.com,79597853654153.0
Dustin,Decker,jamie91@mayer-ramos.com,1388547371685428.0
Derrick,Green,weavercalvin@bernard-brooks.com,3019057539.0
Jessica,Watson,melendezfranklin@hotmail.com,1797656225603030.0
David,Taylor,gilbertjenna@arnold.com,19131217015244.0
Carol,Dunn,wlowe@cox.com,576424907803117.0
Karen,Jacobs,zsteele@hotmail.com,3769495226.0
Victoria,Perez,jeremy62@cook.net,135542410929125.0
Mark,Jones,cassandraharrison@hawkins.info,565281453131300.0
Amy,Hodges,mccallkatherine@yahoo.com,1116057721436781.0
Anthony,Hart,amy39@yahoo.com,11624017184.0
Jose,Johnson,elizabethmorgan@hotmail.com,120025306594640.0
Andrew,Valdez,lcarter@bradford.com,70914145301756.0
Zachary,Campbell,gthomas@holmes.org,5346588232.0
Jonathan,Armstrong,winterscrystal@meyer-garcia.com,124954692555186.0
Anthony,Guzman,darnold@yahoo.com,18433630852853.0
Wanda,Oconnell,krystalcohen@ferguson.com,171579697597692.0
Sandra,Medina,meganmartin@melendez.info,1806478384732655.2
Brandon,Ibarra,sharon26@jacobson-nixon.org,83770101275093.0
Michael,Fitzpatrick,brentwilson@gmail.com,11214951249.0
Jeremy,Fowler,james24@gmail.com,8854956738.0
Daniel,Lloyd,christinasutton@russo.net,2537997737.0
Sherry,Davis,keithfrances@alexander.com,6396032252195.0
Nicole,Oconnor,luischapman@yahoo.com,374607057826660.0
David,Arias,fostertheresa@hotmail.com,68223648464672.0
Amy,Mason,louis86@yahoo.com,3016098477.0
Stephanie,Santiago,chelsea33@holmes.com,6761740491.0
Robert,Payne,chungjennifer@gmail.com,35785276188259.0
Dennis,Goodman,robertmoore@rowe-leon.com,75963707479253.0
Monica,Anderson,claudiaperry@petty.com,4978329417952.0
Haley,Dodson,icarpenter@cannon.biz,4529156862.0
Joseph,Smith,omendez@thompson.org,5690039728802.0
Natasha,Ward,fperez@miles.info,49694432547737.0
Thomas,Young,tmitchell@morgan.com,178217273702692.0
Andrea,Morse,bonnieescobar@gmail.com,13480900165514.0
Brent,Riley,evan63@yahoo.com,70867235120034.0
Jasmin,Garcia,holly25@wang.com,81213123525834.0
Megan,Frost,brianjacobs@decker.com,14291666590.0
Emily,Patel,cassie84@hunt-sanford.com,8223661821.0
Matthew,Gill,robertsbarbara@yahoo.com,114039797931827.0
James,Sanchez,bmurray@garcia.com,15649935894634.0
Andrew,Martin,holly33@arias.com,1279226038.0
Jennifer,Miller,iknapp@yahoo.com,800409002940978.0
Alexis,Hubbard,branchjillian@thomas-black.com,9843911864.0
Robert,Bailey,sdavis@hogan-anderson.biz,4872552242.0
Luke,Bradford,ycohen@ross.com,8068265710.0
Stephen,Garrison,brettlopez@gmail.com,253243183058158.0
Amber,Kelley,david77@yahoo.com,261492719650041.0
Brittany,Jones,xbowman@walsh.com,111546044624688.0
Michael,Smith,linda03@yahoo.com,167306489853939.0
Andrea,Miller,sloancatherine@higgins.net,3278690328.0
Jennifer,Johnson,alexis21@hotmail.com,15221195708949.0
Elizabeth,Hughes,nicholas88@hotmail.com,79719476062783.0
Anthony,Castro,hoffmantracey@ward.biz,8723012193166.0
Michaela,Baxter,kingerin@gmail.com,74839086889736.0
Kevin,Serrano,crystal19@armstrong-marshall.com,19734949584953.0
Frederick,Gaines,amy36@yahoo.com,42472911574057.0
Jennifer,Henderson,ndavis@yahoo.com,39449488214015.0
Laurie,Moore,alisha26@horne-dixon.info,84374605874714.0
Daniel,Yang,daniellopez@williams.com,10291735966.0
Emily,Moody,christopherpatterson@yahoo.com,5426365468.0
Meredith,Figueroa,walterslaura@gmail.com,352387994089037.0
Eric,Smith,breed@hotmail.com,2020246151.0
Ryan,Hall,williamsjennifer@yahoo.com,15691440294301.0
Jane,Richardson,jessicamorris@todd-parker.com,12983898348213.0
Nicholas,Reed,santanaheather@gmail.com,69424557304428.0
Lisa,White,jeffery56@gmail.com,1439346621665519.0
Jonathan,Mcclure,heatherwise@hotmail.com,521997274694635.0
Lisa,Summers,bakerkendra@hebert.com,7331693744.0
Erika,Allen,pamela70@robinson.com,78797675667314.0
Hayley,Weber,teresawallace@hotmail.com,199315263924840.0
Kelly,Wright,chapmansarah@cole-murphy.com,2627219905.0
Dennis,Miles,nicole34@gmail.com,988543237567443.0
Michael,Fisher,grant02@gmail.com,167654887363236.0
Daniel,Clayton,lisa25@yahoo.com,15030319657.0
Jennifer,Lopez,vchurch@bolton.com,19900106486915.0
Latoya,Herrera,bateschristina@goodwin.com,16324583441.0
Levi,Houston,kellywise@maddox-hamilton.com,10701362364.0
John,Marsh,jonathan49@gmail.com,34326505712292.0
Jason,Howard,lopezaaron@casey.com,1836383435143.0
Alicia,Smith,allennicole@thomas.com,8365253356.0
Jerry,Barnett,crystalhickman@edwards.org,51000746829982.0
Courtney,Hicks,donnaschmidt@yahoo.com,1487858674100950.0
Patricia,Rivera,oadams@yahoo.com,1530428781174958.0
Tiffany,Kelly,samantha65@gmail.com,3362090946.0
Donna,Harrison,bakerashley@yahoo.com,107399312419141.0
Ryan,Anderson,davisdouglas@hotmail.com,1932678144464162.0
Kathleen,Mason,dianeortiz@simmons.com,17078384719.0
Samantha,Browning,margarethamilton@yahoo.com,9947694445.0
Valerie,Hall,gonzalesjason@campbell.com,5604001497.0
Bobby,Cervantes,xhill@howard-mccoy.biz,3721119555.0
Jeffrey,Miller,halldavid@walter-freeman.com,464138734769077.0
Michelle,Fisher,sean74@lee.biz,9363337699400.0
Jacob,Ali,ashley24@baker.com,15257949954488.0
Jennifer,Barry,sarahramirez@smith.org,134133246.0
Christina,Torres,patriciaweiss@yahoo.com,5924771913.0
Richard,Ball,foxkristin@george.com,19258415790.0
Edward,Potts,karen69@hotmail.com,9524672484.0
Shelly,Stevens,jill13@wise-ortiz.com,133784828079452.0
Christine,Ramsey,jason13@malone-rodriguez.org,27621173128094.0
Charles,Herring,knavarro@turner-thomas.com,3122048420.0
Duane,Mercado,jerrygomez@holt-powers.net,1794881037528764.0
Jack,Raymond,jacquelinejones@mays.com,93237346195865.0
Douglas,Mendez,douglasmartinez@cline.com,5570466786.0
Julie,Cruz,harrisrobert@gmail.com,8910063254.0
John,Smith,rsantiago@hotmail.com,676188729374160.0
Jenna,Mason,kchavez@gmail.com,84670678830607.0
Tyler,David,snyderwilliam@gmail.com,1958831651556674.0
Allen,Haney,smithchloe@yahoo.com,9951274553.0
Christine,Turner,ksingleton@cooke-jimenez.com,11792060784.0
Carl,Williams,bmoore@collins.com,328203156297404.0
Heather,Paul,cynthiawood@gmail.com,1616169182228625.0
Russell,Cruz,alopez@ramirez.com,589442298813313.0
Charles,Hendricks,benjamin48@yahoo.com,369911294053525.0
Brenda,Gross,angela79@noble-bruce.net,19496339846.0
Michelle,Kent,kaitlynwiggins@fischer.com,3751532763.0
Yvette,Ellis,awilliams@hotmail.com,12202727681.0
Teresa,Chavez,stacy78@hotmail.com,126811458550299.0
Ashley,Olsen,robertscott@cochran-west.com,1097311248.0
Jessica,Jackson,charlesalex@yang.info,859445821927514.0
Robert,Huffman,erin72@hotmail.com,19196254453292.0
Nancy,Huff,wilsonstephen@yahoo.com,19131427277155.0
Andrew,Hoffman,heatherandrews@sanchez.org,142330864453868.0
Brianna,Davis,benjamincruz@yahoo.com,8370709019.0
David,Savage,kimberly18@sanders.com,16624364263.0
Bryan,Cummings,kimberlyalvarez@gmail.com,19387499339.0
Jerry,Guerrero,sblackburn@yahoo.com,188719991246147.0
Karen,Hunt,mannchristopher@hotmail.com,2556670138718.0
Angela,Alvarez,odavis@ellis-wood.net,1804750445.0
Juan,Liu,jpeters@ramos-sweeney.com,14758297740166.0
Isaiah,Blair,joseph48@gmail.com,412225558.0
Jennifer,Gordon,carlamcbride@hotmail.com,9130426510.0
Peter,Valdez,sextonian@hotmail.com,43518300016787.0
Sarah,Gibson,nhenderson@hotmail.com,16664049158046.0
Tina,Clark,lcoleman@yahoo.com,1488758993510712.0
Brian,Boyd,erik40@hotmail.com,19564828121886.0
Mark,Harvey,debbiewilliams@gmail.com,8513188666.0
Matthew,Smith,george37@yahoo.com,6393379131835.0
Cory,Castillo,josephsydney@gmail.com,13649364948333.0
Mark,Cole,dominiquerodriguez@mason.com,1863961296724180.8
Evan,Rios,brownsteven@fowler-hawkins.biz,4017605427594.0
Daniel,Nelson,esims@hotmail.com,2606430357.0
Tamara,Dean,thomas54@yahoo.com,11900691685.0
Erin,Young,fraziernatalie@wright.info,1732659314752147.0
Eric,Sanchez,dgarcia@gmail.com,712218216158.0
Gabrielle,Wilson,qmaynard@gmail.com,5723978168.0
Adam,Bell,jessicareynolds@hotmail.com,52085544541307.0
Jesse,Smith,vmartinez@horton.net,9054322086868.0
Chloe,York,fmiller@johnson.biz,18678809213.0
Jason,Archer,ericsullivan@hotmail.com,16253547749537.0
Kathryn,Mata,georgeflowers@gmail.com,7173615671.0
Maria,Rice,cgarcia@moreno.org,182593092707271.0
Deanna,Parker,brittanytodd@glass.info,16778232509265.0
Gregory,Turner,stephen74@rangel.net,889964086969739.0
Olivia,Diaz,davidmarquez@alvarado-martin.net,937309802.0
Anthony,Brown,matthewcook@green.com,3329830756.0
Michelle,King,obeck@anderson.com,54687267267341.0
Tamara,Marquez,valeriesanders@yahoo.com,4820085221.0
Karen,Bailey,pattersonrachel@yahoo.com,18008500401.0
Andrea,Gonzalez,samantharussell@gmail.com,17891364538.0
Cynthia,Harris,virginia78@hotmail.com,4281989165469.0
Thomas,Stewart,rschroeder@yahoo.com,9657825152591.0
Shaun,Baker,dakota81@larsen-johns.biz,1069720463796034.0
Brandon,Owens,rgonzalez@duncan.com,109895186879048.0
Mercedes,Dyer,mosscaleb@gray.com,6915153890666.0
Ashley,Thompson,abigailchristensen@yahoo.com,732606598235146.0
Christopher,Parker,hnavarro@rivas-gomez.org,108384277434903.0
Jason,Webb,jwilliams@beck.biz,5798594472.0
Stephanie,Mckinney,tanyahill@ray.org,19256848686444.0
Sherry,Walter,watsonmarc@dixon-jimenez.com,4020560741629.0
Kyle,Blevins,brooke71@potts.biz,2870855912000.0
Matthew,Nguyen,troyespinoza@bishop-romero.info,14967070887821.0
Robert,Mercer,michellewelch@briggs.com,1594858469841.0
Rhonda,Compton,gerald82@huang.com,12839318665629.0
Robert,Newton,harveyvanessa@hotmail.com,5457908126.0
Alicia,Gonzalez,laurie56@gmail.com,84793730503695.0
Gregory,Cordova,longmaria@mosley.com,19556419942933.0
Mark,Graves,fbennett@gmail.com,1885676965.0
Brian,Ray,carterdustin@rasmussen-berry.info,13305484109850.0
Michelle,Middleton,amyconway@black.com,18532405011083.0
Jesse,Howe,wjones@perry.org,3834379748142.0
Julia,Shaw,bethanystevens@yahoo.com,10178702650600.0
Kimberly,Greene,deborahgreer@hotmail.com,18002107640992.0
Brian,Fletcher,qramirez@brown-davis.net,823943598590670.0
Jason,Zimmerman,sdunn@silva.com,965788511832547.0
Mary,Johnston,adam71@gmail.com,1972694713267100.0
new,person,new@person.com,1234567890.0